{"lowaccess_pop_2015":{"McHenry":43.17121436,"Boone":21.06437327,"Ogle":17.58797134,"Will":32.13050392,"LaSalle":20.70865476,"Bureau":35.76844743,"Henry":18.50815334,"Grundy":18.59072647,"Mercer":18.0579302,"Putnam":10.92009169,"McLean":27.41969734,"Tazewell":43.12429892,"Fulton":17.0016241,"Adams":15.41878121,"Champaign":15.77293879,"Logan":36.44458503,"Piatt":3.031813251,"Stark":30.02026271,"Knox":17.97079579,"Marshall":18.51919514,"Livingston":8.448001844,"Henderson":1.358487781,"Warren":6.649266934,"Iroquois":21.85715374,"Peoria":25.50342065,"Woodford":11.73007753,"Carroll":18.72604886,"Kane":18.48856118,"DeKalb":28.31506194,"Cook":7.194721403,"Rock":null,"Kendall":15.66282905,"Kankakee":12.75300929,"Ford":18.39287479,"Menard":2.761661269,"Mason":31.11233655,"De":null,"Schuyler":14.14591089,"Hancock":38.44182571,"Brown":23.96799448,"Douglas":9.865965972,"Pike":18.44201183,"Cass":11.2013936,"Cumberland":null,"Calhoun":11.34807162,"Clay":15.58998421,"Jersey":15.65233166,"Effingham":17.14316886,"Greene":11.92694913,"Clinton":15.17154384,"Wabash":8.560870582,"Edwards":18.49959986,"Washington":11.0622995,"Richland":5.787274758,"Randolph":11.45849642,"Perry":21.45420316,"Franklin":10.7227956,"Jackson":21.99840575,"Saline":39.04778872,"White":29.23662884,"Pulaski":20.84293692,"Alexander":21.21933856,"DuPage":23.58672077,"Whiteside":22.31151412,"Lee":10.86749296,"Jo":null,"Stephenson":7.447060444,"Winnebago":25.84869674,"Lake":35.26383711,"Gallatin":75.23049582,"Williamson":14.45837796,"Johnson":21.11929666,"Hamilton":14.11400245,"Hardin":16.5443611,"Massac":9.884215735,"McDonough":12.66810471,"Vermilion":14.54329174,"Macon":26.91715147,"Sangamon":24.25141186,"Edgar":35.98344093,"Morgan":32.30474333,"Christian":11.02554784,"Moultrie":3.021704979,"Scott":4.160859579,"Coles":15.37545209,"Shelby":24.29915035,"Montgomery":23.67059786,"Macoupin":16.11736011,"Clark":8.75892972,"Crawford":14.8784036,"Jasper":14.94266102,"Bond":7.212030348,"Madison":35.8125532,"Fayette":34.59701182,"St.":null,"Wayne":20.04045519,"Monroe":29.23656601,"Jefferson":22.01518014,"Lawrence":14.2191098,"Marion":27.25698339,"Union":13.26502859,"Pope":24.20346569},"lowaccess_children_2015":{"McHenry":12.64692641,"Boone":6.245173923,"Ogle":4.977564756,"Will":9.451649411,"LaSalle":4.958036254,"Bureau":8.196068008,"Henry":4.666638216,"Grundy":5.007963013,"Mercer":3.667665483,"Putnam":1.583095763,"McLean":6.328958168,"Tazewell":9.828464478,"Fulton":3.998947351,"Adams":3.72922892,"Champaign":3.777235775,"Logan":6.321667434,"Piatt":0.712277509,"Stark":8.119886402,"Knox":3.651685869,"Marshall":4.410540972,"Livingston":1.964825883,"Henderson":0.287946218,"Warren":1.691054098,"Iroquois":5.386236759,"Peoria":6.07276892,"Woodford":3.075731391,"Carroll":4.205772372,"Kane":5.26040316,"DeKalb":5.260339243,"Cook":1.730272945,"Rock":null,"Kendall":4.654407257,"Kankakee":3.646235895,"Ford":4.457541074,"Menard":0.44950706,"Mason":7.547166034,"De":null,"Schuyler":3.177321695,"Hancock":8.823085821,"Brown":0.433766867,"Douglas":2.260076453,"Pike":4.450851644,"Cass":2.692789394,"Cumberland":null,"Calhoun":2.349908269,"Clay":3.651293183,"Jersey":3.41653973,"Effingham":4.358445495,"Greene":2.803651967,"Clinton":2.772758165,"Wabash":1.892817067,"Edwards":4.671636311,"Washington":2.208662793,"Richland":1.138869903,"Randolph":2.393428514,"Perry":5.383657218,"Franklin":2.409963647,"Jackson":4.629414567,"Saline":9.23372238,"White":6.027906329,"Pulaski":4.838203833,"Alexander":4.556304155,"DuPage":5.873968604,"Whiteside":4.872749871,"Lee":2.554918454,"Jo":null,"Stephenson":1.134928655,"Winnebago":6.23876584,"Lake":9.113847586,"Gallatin":15.83262725,"Williamson":3.456775199,"Johnson":2.505298771,"Hamilton":3.279275218,"Hardin":2.952387033,"Massac":2.056202554,"McDonough":1.955522427,"Vermilion":3.473045134,"Macon":5.811916937,"Sangamon":5.789397904,"Edgar":7.599952589,"Morgan":7.988201987,"Christian":1.762018223,"Moultrie":0.611036191,"Scott":0.868666619,"Coles":3.481577215,"Shelby":5.358894717,"Montgomery":5.232802943,"Macoupin":3.919256978,"Clark":1.853751197,"Crawford":2.104216093,"Jasper":3.686400489,"Bond":1.655418215,"Madison":8.099754678,"Fayette":8.338042519,"St.":null,"Wayne":5.000629558,"Monroe":7.091685259,"Jefferson":4.72314628,"Lawrence":3.326934538,"Marion":6.363398402,"Union":2.840241918,"Pope":3.9884418},"lowaccess_seniors_2015":{"McHenry":3.388176085,"Boone":2.112473695,"Ogle":2.070365295,"Will":2.750143566,"LaSalle":3.192025812,"Bureau":7.063552252,"Henry":3.089754724,"Grundy":1.980066997,"Mercer":4.310975425,"Putnam":3.056792701,"McLean":2.174564913,"Tazewell":6.903070699,"Fulton":2.896379681,"Adams":2.741821363,"Champaign":1.602675493,"Logan":4.896643913,"Piatt":0.459956161,"Stark":5.174700373,"Knox":2.82260757,"Marshall":3.405230709,"Livingston":1.536115364,"Henderson":0.1759546,"Warren":1.062884487,"Iroquois":3.96093064,"Peoria":3.854933379,"Woodford":1.727462133,"Carroll":3.815754863,"Kane":1.751087624,"DeKalb":2.089253202,"Cook":0.998528769,"Rock":null,"Kendall":1.488404279,"Kankakee":1.652506872,"Ford":3.287446328,"Menard":0.678886444,"Mason":4.954884102,"De":null,"Schuyler":2.711555831,"Hancock":7.331501571,"Brown":1.24232685,"Douglas":1.923534714,"Pike":3.407122443,"Cass":1.902380767,"Cumberland":null,"Calhoun":2.465091258,"Clay":2.351363278,"Jersey":3.040689655,"Effingham":2.810337347,"Greene":2.021353785,"Clinton":1.591066147,"Wabash":1.653314866,"Edwards":2.987260544,"Washington":1.940944032,"Richland":1.269072739,"Randolph":2.085901721,"Perry":3.42489417,"Franklin":2.064907052,"Jackson":2.999952786,"Saline":7.047490078,"White":6.602493199,"Pulaski":4.344360439,"Alexander":3.195802824,"DuPage":2.566736167,"Whiteside":4.41378705,"Lee":1.55466927,"Jo":null,"Stephenson":2.529459165,"Winnebago":3.303507642,"Lake":3.655561738,"Gallatin":15.53238471,"Williamson":2.110498566,"Johnson":2.049828519,"Hamilton":2.34405108,"Hardin":3.522002879,"Massac":2.446725155,"McDonough":1.847728606,"Vermilion":2.542934764,"Macon":4.892610931,"Sangamon":3.375090793,"Edgar":7.450764489,"Morgan":5.741716883,"Christian":1.618441702,"Moultrie":0.645148532,"Scott":0.721577808,"Coles":2.784469865,"Shelby":5.120480406,"Montgomery":5.069244036,"Macoupin":2.627836996,"Clark":1.711012776,"Crawford":1.254762995,"Jasper":2.741481973,"Bond":1.381908192,"Madison":5.048615114,"Fayette":5.753024654,"St.":null,"Wayne":3.607076698,"Monroe":3.860897589,"Jefferson":3.462199834,"Lawrence":2.408589422,"Marion":4.635374534,"Union":2.665351628,"Pope":5.808408494},"lowaccess_pop_2010":{"McHenry":43.07905337,"Boone":16.73399871,"Ogle":12.43846082,"Will":35.78358411,"LaSalle":23.41669203,"Bureau":35.68761914,"Henry":18.72207177,"Grundy":18.22927662,"Mercer":23.01909253,"Putnam":0.0000494483,"McLean":27.36467938,"Tazewell":40.38240891,"Fulton":12.44705025,"Adams":15.6553845,"Champaign":14.63565073,"Logan":31.84879696,"Piatt":3.056223709,"Stark":30.02026271,"Knox":13.97319508,"Marshall":13.59543137,"Livingston":8.570351918,"Henderson":1.390885103,"Warren":0.721626867,"Iroquois":14.09073792,"Peoria":29.63347577,"Woodford":7.502317868,"Carroll":11.96714225,"Kane":19.67953323,"DeKalb":25.11849579,"Cook":7.992797225,"Rock":null,"Kendall":24.0980161,"Kankakee":14.96710129,"Ford":18.34512484,"Menard":2.761661269,"Mason":7.059294195,"De":null,"Schuyler":13.9889108,"Hancock":53.41705755,"Brown":27.53991941,"Douglas":9.865965972,"Pike":24.05710955,"Cass":10.76064393,"Cumberland":0.831333691,"Calhoun":15.56685315,"Clay":15.44332998,"Jersey":15.19890218,"Effingham":17.11233227,"Greene":1.871717252,"Clinton":11.08663177,"Wabash":8.426866971,"Edwards":18.49959986,"Washington":11.0691186,"Richland":4.947200872,"Randolph":13.28837053,"Perry":20.62124153,"Franklin":11.16014066,"Jackson":23.64813566,"Saline":34.87813268,"White":29.89509452,"Pulaski":57.63287183,"Alexander":46.84214142,"DuPage":27.31796236,"Whiteside":17.00794654,"Lee":10.52796877,"Jo":null,"Stephenson":8.790297463,"Winnebago":24.68521412,"Lake":36.16821914,"Gallatin":86.88582599,